unsure_mode	pass_frac	qa_type	n	acc_gem	acc_gpt	diff	b	c	mcnemar_p	cluster_diff_mean	cluster95_lo	cluster95_hi	leader_matches_pf75
exclude	0.5	1	343	0.597667638483965	0.5743440233236151	0.023323615160349864	63	55	0.5194908187566281	0.02315483158098645	-0.0402327834641757	0.08659455696421464	True
exclude	0.5	2	448	0.5825892857142857	0.5401785714285714	0.0424107142857143	82	63	0.13468540318097644	0.04232497778801944	-0.009303959479331162	0.0938982890632385	True
exclude	0.5	3	478	0.41631799163179917	0.5167364016736402	-0.10041841004184104	64	112	0.0003671303937640988	-0.100485994468436	-0.1621052631578947	-0.04033927470721183	True
exclude	0.55	1	335	0.6059701492537314	0.5701492537313433	0.035820895522388096	63	51	0.30287755263032495	0.03558678667469162	-0.02821605228804596	0.09821924603174605	True
exclude	0.55	2	444	0.5833333333333334	0.545045045045045	0.03828828828828834	80	63	0.18070108584148575	0.038394710564285256	-0.014085335542667754	0.09011036174126304	True
exclude	0.55	3	474	0.4177215189873418	0.5210970464135021	-0.1033755274261603	63	112	0.00026216812968672166	-0.10299056166287099	-0.1633564904990694	-0.04302992858650532	True
exclude	0.6	1	335	0.6059701492537314	0.5701492537313433	0.035820895522388096	63	51	0.30287755263032495	0.03652044138140575	-0.026315789473684185	0.09851188138256083	True
exclude	0.6	2	427	0.5878220140515222	0.5456674473067916	0.042154566744730615	79	61	0.1505276971716133	0.0419378367383024	-0.012021413438256613	0.0969976905311778	True
exclude	0.6	3	445	0.4247191011235955	0.5303370786516854	-0.10561797752808993	58	105	0.0002881495418529562	-0.10581732000256684	-0.16704301852875397	-0.04464285714285715	True
exclude	0.65	1	311	0.617363344051447	0.5819935691318328	0.03536977491961424	58	47	0.3291371261661389	0.0350209745154179	-0.02999999999999992	0.10197368421052633	True
exclude	0.65	2	420	0.5952380952380952	0.55	0.04523809523809519	78	59	0.12377482507747656	0.04527496596523937	-0.009302325581395321	0.09999999999999998	True
exclude	0.65	3	435	0.42528735632183906	0.5287356321839081	-0.103448275862069	57	102	0.00044734751745370376	-0.10351893716609373	-0.16548504686802556	-0.043181818181818155	True
exclude	0.7	1	311	0.617363344051447	0.5819935691318328	0.03536977491961424	58	47	0.3291371261661389	0.034725667922066134	-0.031548237032304347	0.09968847352024923	True
exclude	0.7	2	363	0.5922865013774105	0.5316804407713499	0.06060606060606055	72	50	0.05682268892317514	0.06088928874936057	0.0026178010471205023	0.11956753994797467	True
exclude	0.7	3	367	0.44959128065395093	0.555858310626703	-0.10626702997275206	49	88	0.0010910236162357514	-0.10603198278012417	-0.17313557908780122	-0.03999734042553199	True
exclude	0.75	1	306	0.6209150326797386	0.5849673202614379	0.03594771241830064	57	46	0.32447878028806587	0.035409588547924135	-0.0298013245033113	0.10097802125489425	True
exclude	0.75	2	363	0.5922865013774105	0.5316804407713499	0.06060606060606055	72	50	0.05682268892317514	0.06059637181642861	0.0026881720430107503	0.12069207671445174	True
exclude	0.75	3	332	0.45481927710843373	0.5542168674698795	-0.0993975903614458	45	78	0.0037314457550981723	-0.09967213834435411	-0.16617210682492584	-0.03498288019526748	True
exclude	0.8	1	225	0.64	0.5644444444444444	0.0755555555555556	45	28	0.060370037339928545	0.07559597714246322	0.0	0.15021459227467804	True
exclude	0.8	2	265	0.6226415094339622	0.5509433962264151	0.07169811320754715	53	34	0.05300311301096222	0.07130704575221455	0.0	0.14056381777108434	True
exclude	0.8	3	271	0.47601476014760147	0.5719557195571956	-0.09594095940959413	36	62	0.011174544214771171	-0.09661024856971333	-0.16666666666666669	-0.02777537485582462	True
exclude	0.85	1	225	0.64	0.5644444444444444	0.0755555555555556	45	28	0.060370037339928545	0.07494202747858106	0.0	0.14864864864864868	True
exclude	0.85	2	265	0.6226415094339622	0.5509433962264151	0.07169811320754715	53	34	0.05300311301096222	0.07201160803732735	0.003845785440613015	0.14015151515151514	True
exclude	0.85	3	241	0.4854771784232365	0.5684647302904564	-0.0829875518672199	34	54	0.04221061162240416	-0.0825996085803529	-0.1592968034787916	-0.004310344827586188	True
exclude	0.9	1	84	0.6428571428571429	0.5476190476190477	0.09523809523809523	17	9	0.16863754391670227	0.09537064361194586	-0.023255813953488302	0.21176470588235297	True
exclude	0.9	2	63	0.5555555555555556	0.5555555555555556	0.0	11	11	1.0	2.7733198231272072e-05	-0.14290890269151138	0.14754098360655737	False
exclude	0.9	3	104	0.4423076923076923	0.5384615384615384	-0.09615384615384615	15	25	0.1538599441628321	-0.09587434363991623	-0.21052631578947367	0.019607843137254943	True
exclude	0.95	1	84	0.6428571428571429	0.5476190476190477	0.09523809523809523	17	9	0.16863754391670227	0.09558883491785505	-0.023255813953488413	0.20987654320987653	True
exclude	0.95	2	63	0.5555555555555556	0.5555555555555556	0.0	11	11	1.0	0.0018210804117417528	-0.140625	0.14754098360655743	False
exclude	0.95	3	58	0.39655172413793105	0.5344827586206896	-0.13793103448275856	6	14	0.11531829833984375	-0.13764522571460464	-0.2678571428571429	0.0	True
exclude	1.0	1	84	0.6428571428571429	0.5476190476190477	0.09523809523809523	17	9	0.16863754391670227	0.09515510078043987	-0.02352941176470591	0.2117647058823529	True
exclude	1.0	2	63	0.5555555555555556	0.5555555555555556	0.0	11	11	1.0	-0.0002664178338190023	-0.14516129032258068	0.14754098360655732	False
exclude	1.0	3	58	0.39655172413793105	0.5344827586206896	-0.13793103448275856	6	14	0.11531829833984375	-0.13860480079930704	-0.2692307692307692	-0.016393442622950782	True
zero	0.5	1	340	0.5970588235294118	0.5735294117647058	0.02352941176470591	62	54	0.5159130749957945	0.023778783574594425	-0.039040716694347985	0.08630952380952384	True
zero	0.5	2	447	0.5838926174496645	0.5413870246085011	0.0425055928411634	82	63	0.13468540318097644	0.04275341358259677	-0.010799136069114423	0.09547006329770667	True
zero	0.5	3	471	0.4182590233545648	0.5159235668789809	-0.09766454352441611	64	110	0.0006052447871282059	-0.09785370870364628	-0.15824404761904756	-0.038709348925826156	True
zero	0.55	1	332	0.6054216867469879	0.5692771084337349	0.03614457831325302	62	50	0.29859285283284615	0.03575067756462469	-0.027305050987063872	0.09850746268656718	True
zero	0.55	2	444	0.5833333333333334	0.545045045045045	0.03828828828828834	80	63	0.18070108584148575	0.037928407778110004	-0.013544018058690658	0.09130458990994483	True
zero	0.55	3	466	0.4206008583690987	0.5214592274678111	-0.10085836909871243	63	110	0.00043689152021394973	-0.10063499119948845	-0.1612200435729848	-0.0398276674147342	True
zero	0.6	1	332	0.6054216867469879	0.5692771084337349	0.03614457831325302	62	50	0.29859285283284615	0.035922448201328755	-0.02515921671329087	0.09816087861524975	True
zero	0.6	2	427	0.5878220140515222	0.5456674473067916	0.042154566744730615	79	61	0.1505276971716133	0.04234932617612462	-0.01174057408584529	0.09647261663285998	True
zero	0.6	3	440	0.42727272727272725	0.5318181818181819	-0.10454545454545461	58	104	0.0003750396788702643	-0.10458318411789365	-0.1643526445966515	-0.04484304932735428	True
zero	0.65	1	308	0.6168831168831169	0.5811688311688312	0.0357142857142857	57	46	0.32447878028806587	0.03565231159484512	-0.03050847457627126	0.10197536251342641	True
zero	0.65	2	420	0.5952380952380952	0.55	0.04523809523809519	78	59	0.12377482507747656	0.04584356184347436	-0.007093040885429835	0.10021811306147364	True
zero	0.65	3	429	0.42657342657342656	0.5291375291375291	-0.10256410256410253	57	101	0.00058012706868924	-0.10257608648056335	-0.1644144144144144	-0.04187163478061635	True
zero	0.7	1	308	0.6168831168831169	0.5811688311688312	0.0357142857142857	57	46	0.32447878028806587	0.03538905012424418	-0.030100838135149383	0.10164613135637461	True
zero	0.7	2	362	0.5939226519337016	0.5303867403314917	0.06353591160220995	72	49	0.045051739725735895	0.06350248282535183	0.005249343832021025	0.12245043316471887	True
zero	0.7	3	362	0.45027624309392267	0.5552486187845304	-0.10497237569060769	49	87	0.0014186377419933976	-0.10493026427412629	-0.17125424502002123	-0.040870544403047285	True
zero	0.75	1	303	0.6204620462046204	0.5841584158415841	0.0363036303630363	56	45	0.3197273207002655	0.03652032749370623	-0.029126213592232997	0.10191896786797161	True
zero	0.75	2	362	0.5939226519337016	0.5303867403314917	0.06353591160220995	72	49	0.045051739725735895	0.0632773363045152	0.005390473292177476	0.12290617272644011	True
zero	0.75	3	331	0.45317220543806647	0.552870090634441	-0.09969788519637457	45	78	0.0037314457550981723	-0.10015071790795115	-0.16618447082096935	-0.03323262839879154	True
zero	0.8	1	225	0.64	0.5644444444444444	0.0755555555555556	45	28	0.060370037339928545	0.07558178195743928	0.0	0.14864864864864868	True
zero	0.8	2	265	0.6226415094339622	0.5509433962264151	0.07169811320754715	53	34	0.05300311301096222	0.07132821042644394	0.0	0.13962264150943393	True
zero	0.8	3	269	0.4795539033457249	0.5724907063197026	-0.09293680297397766	36	61	0.014389633007095661	-0.09332239244210093	-0.16479400749063666	-0.02573529411764708	True
zero	0.85	1	225	0.64	0.5644444444444444	0.0755555555555556	45	28	0.060370037339928545	0.07565735627592667	0.00420080532212884	0.14798206278026904	True
zero	0.85	2	265	0.6226415094339622	0.5509433962264151	0.07169811320754715	53	34	0.05300311301096222	0.0723814504160495	0.0037453183520599342	0.14035921552931752	True
zero	0.85	3	238	0.49159663865546216	0.5672268907563025	-0.07563025210084034	34	52	0.06615259746138928	-0.07496346906579598	-0.15151825633383012	0.0	True
zero	0.9	1	84	0.6428571428571429	0.5476190476190477	0.09523809523809523	17	9	0.16863754391670227	0.09559927285360166	-0.023529411764705802	0.2117647058823529	True
zero	0.9	2	62	0.5645161290322581	0.5645161290322581	0.0	11	11	1.0	0.00025229649141454415	-0.14516129032258068	0.15000000000000002	False
zero	0.9	3	102	0.45098039215686275	0.5392156862745098	-0.08823529411764702	15	24	0.19959086691960692	-0.0890301938715076	-0.20588235294117646	0.028301886792452824	True
zero	0.95	1	84	0.6428571428571429	0.5476190476190477	0.09523809523809523	17	9	0.16863754391670227	0.09506980069328377	-0.02352941176470591	0.2105409356725144	True
zero	0.95	2	62	0.5645161290322581	0.5645161290322581	0.0	11	11	1.0	0.0004130071016626989	-0.14754098360655743	0.15254237288135591	False
zero	0.95	3	57	0.40350877192982454	0.543859649122807	-0.1403508771929825	6	14	0.11531829833984375	-0.14051095171379294	-0.2727272727272727	-0.016129032258064502	True
zero	1.0	1	84	0.6428571428571429	0.5476190476190477	0.09523809523809523	17	9	0.16863754391670227	0.09511843992218795	-0.02352941176470591	0.2142857142857143	True
zero	1.0	2	62	0.5645161290322581	0.5645161290322581	0.0	11	11	1.0	0.0014572195922651098	-0.14754098360655737	0.15517241379310348	False
zero	1.0	3	57	0.40350877192982454	0.543859649122807	-0.1403508771929825	6	14	0.11531829833984375	-0.14026584981253046	-0.27586206896551724	-0.016129032258064502	True
half	0.5	1	343	0.597667638483965	0.5743440233236151	0.023323615160349864	63	55	0.5194908187566281	0.02262597867227255	-0.04057971014492756	0.08734939759036142	True
half	0.5	2	448	0.5825892857142857	0.5401785714285714	0.0424107142857143	82	63	0.13468540318097644	0.042643545587846145	-0.011135857461024416	0.0958904109589041	True
half	0.5	3	478	0.41631799163179917	0.5167364016736402	-0.10041841004184104	64	112	0.0003671303937640988	-0.1001153493956403	-0.16228180044299126	-0.0394178619270102	True
half	0.55	1	335	0.6059701492537314	0.5701492537313433	0.035820895522388096	63	51	0.30287755263032495	0.03588993360428669	-0.026548672566371723	0.09970674486803521	True
half	0.55	2	444	0.5833333333333334	0.545045045045045	0.03828828828828834	80	63	0.18070108584148575	0.03834118284579618	-0.013544784123060599	0.0913391039475899	True
half	0.55	3	474	0.4177215189873418	0.5210970464135021	-0.1033755274261603	63	112	0.00026216812968672166	-0.10308417584925564	-0.1627930951810117	-0.04414929879236464	True
half	0.6	1	335	0.6059701492537314	0.5701492537313433	0.035820895522388096	63	51	0.30287755263032495	0.03605029440405381	-0.028818443804034536	0.09999999999999998	True
half	0.6	2	427	0.5878220140515222	0.5456674473067916	0.042154566744730615	79	61	0.1505276971716133	0.04210235304751614	-0.012020682367149715	0.09813190799300125	True
half	0.6	3	445	0.4247191011235955	0.5303370786516854	-0.10561797752808993	58	105	0.0002881495418529562	-0.10536849820739035	-0.16630681059374527	-0.04661862527716186	True
half	0.65	1	311	0.617363344051447	0.5819935691318328	0.03536977491961424	58	47	0.3291371261661389	0.03599951463729919	-0.0298013245033113	0.10140209790209781	True
half	0.65	2	420	0.5952380952380952	0.55	0.04523809523809519	78	59	0.12377482507747656	0.04526984575193087	-0.008969113719957594	0.09903438610883236	True
half	0.65	3	435	0.42528735632183906	0.5287356321839081	-0.103448275862069	57	102	0.00044734751745370376	-0.10373267605878732	-0.16556924922286795	-0.04285714285714287	True
half	0.7	1	311	0.617363344051447	0.5819935691318328	0.03536977491961424	58	47	0.3291371261661389	0.03556922448358202	-0.030303030303030276	0.10231023102310222	True
half	0.7	2	363	0.5922865013774105	0.5316804407713499	0.06060606060606055	72	50	0.05682268892317514	0.06060081482072936	0.002680965147453085	0.11834319526627213	True
half	0.7	3	367	0.44959128065395093	0.555858310626703	-0.10626702997275206	49	88	0.0010910236162357514	-0.10592889897402222	-0.17277486910994766	-0.04098240820630813	True
half	0.75	1	306	0.6209150326797386	0.5849673202614379	0.03594771241830064	57	46	0.32447878028806587	0.03669653340300974	-0.03030303030303028	0.10473053410553414	True
half	0.75	2	363	0.5922865013774105	0.5316804407713499	0.06060606060606055	72	50	0.05682268892317514	0.06086969340602841	0.002666666666666706	0.12010462097232963	True
half	0.75	3	332	0.45481927710843373	0.5542168674698795	-0.0993975903614458	45	78	0.0037314457550981723	-0.09938325667510442	-0.16562547929447854	-0.034375000000000044	True
half	0.8	1	225	0.64	0.5644444444444444	0.0755555555555556	45	28	0.060370037339928545	0.0757437976238647	0.0	0.14912776851631335	True
half	0.8	2	265	0.6226415094339622	0.5509433962264151	0.07169811320754715	53	34	0.05300311301096222	0.07214982642527197	0.0036900369003690647	0.1418296378418328	True
half	0.8	3	271	0.47601476014760147	0.5719557195571956	-0.09594095940959413	36	62	0.011174544214771171	-0.09558137682668823	-0.16785779457768504	-0.02611697553126566	True
half	0.85	1	225	0.64	0.5644444444444444	0.0755555555555556	45	28	0.060370037339928545	0.07538324587193718	0.0	0.14865336266499055	True
half	0.85	2	265	0.6226415094339622	0.5509433962264151	0.07169811320754715	53	34	0.05300311301096222	0.07201100876500979	0.0037037037037037646	0.14233609112398374	True
half	0.85	3	241	0.4854771784232365	0.5684647302904564	-0.0829875518672199	34	54	0.04221061162240416	-0.08329786927415658	-0.16141732283464566	-0.004366812227074246	True
half	0.9	1	84	0.6428571428571429	0.5476190476190477	0.09523809523809523	17	9	0.16863754391670227	0.09492984095740858	-0.02380952380952373	0.21250000000000002	True
half	0.9	2	63	0.5555555555555556	0.5555555555555556	0.0	11	11	1.0	0.0018220100599713209	-0.14285714285714285	0.15384615384615385	False
half	0.9	3	104	0.4423076923076923	0.5384615384615384	-0.09615384615384615	15	25	0.1538599441628321	-0.09594566757162998	-0.21052631578947367	0.019047619047619035	True
half	0.95	1	84	0.6428571428571429	0.5476190476190477	0.09523809523809523	17	9	0.16863754391670227	0.09580499926739999	-0.02352941176470591	0.21250000000000002	True
half	0.95	2	63	0.5555555555555556	0.5555555555555556	0.0	11	11	1.0	0.0007419178900039313	-0.1428571428571429	0.1499999999999999	False
half	0.95	3	58	0.39655172413793105	0.5344827586206896	-0.13793103448275856	6	14	0.11531829833984375	-0.13843982934686805	-0.2727272727272727	0.0	True
half	1.0	1	84	0.6428571428571429	0.5476190476190477	0.09523809523809523	17	9	0.16863754391670227	0.09589389690570797	-0.023255813953488302	0.21176470588235297	True
half	1.0	2	63	0.5555555555555556	0.5555555555555556	0.0	11	11	1.0	-0.00042244492676121455	-0.14516129032258063	0.14754098360655743	False
half	1.0	3	58	0.39655172413793105	0.5344827586206896	-0.13793103448275856	6	14	0.11531829833984375	-0.13841382769131852	-0.2727272727272727	0.0	True
